employee_id,first_name,last_name,email,aadhaar,date_of_joining
965265,Keelby,Couve,kcouve0@businessinsider.com,842687858588,2021-12-17
551774,Ariel,Cope,acope1@dailymotion.com,514661515678,2021-08-03
902342,Tyne,Ponsford,tponsford2@cbslocal.com,410390227616,2019-09-21
116954,Fidelia,Shergold,fshergold3@friendfeed.com,329199553149,2021-01-30
663115,Benson,Osborne,bosborne4@wired.com,213875933983,2021-06-18
124831,Maridel,Wackett,mwackett5@slideshare.net,652562230047,2019-04-22
708769,Meade,Iwaszkiewicz,miwaszkiewicz6@vk.com,728231870814,2020-09-03
249426,Devonna,Shane,dshane7@123-reg.co.uk,675588188892,2020-05-09
294485,Dill,Huriche,dhuriche8@epa.gov,265161067612,2021-09-20
188991,Kiele,Jessen,kjessen9@feedburner.com,112771127139,2019-02-28
907481,Laurene,Gayton,lgaytona@php.net,934474952355,2022-01-01
900168,Karel,Philipard,kphilipardb@blogtalkradio.com,357224924541,2020-07-09
849895,Seward,Brewster,sbrewsterc@ted.com,132630937889,2020-04-16
289121,Natale,Reame,nreamed@msu.edu,365816077745,2020-12-20
692525,Marje,Ryburn,mryburne@cloudflare.com,753116638600,2021-04-02
111795,Corbet,Vogl,cvoglf@pagesperso-orange.fr,817972015521,2019-11-16
711857,Ruperto,Sizey,rsizeyg@chron.com,417935047833,2019-09-11
205710,Diandra,Donne,ddonneh@lulu.com,406803925063,2020-02-07
139252,Collete,Tailour,ctailouri@ucsd.edu,364540770858,2019-02-08
666273,Donnell,Jacquemet,djacquemetj@sina.com.cn,567126514580,2020-12-13
627212,Derrik,McCrackem,dmccrackemk@accuweather.com,932900547487,2021-12-14
511664,Rory,Love,rlovel@odnoklassniki.ru,875354874640,2019-03-09
197778,Fern,Granham,fgranhamm@list-manage.com,211146199880,2019-07-07
739793,Gaby,Blues,gbluesn@blog.com,503998016743,2020-04-13
717816,Junina,Almak,jalmako@wikia.com,951815930275,2022-02-08
173177,Adore,Lytle,alytlep@photobucket.com,579266078055,2019-11-17
803026,Karlotte,Easterby,keasterbyq@blog.com,386865108894,2019-08-22
421581,Emory,Wigan,ewiganr@google.ca,745457562634,2021-12-01
555074,Sarette,Janzen,sjanzens@imgur.com,974032634905,2021-09-08
681255,Sarge,Nezey,snezeyt@issuu.com,129761292628,2021-06-26
297951,Rowney,Medmore,rmedmoreu@qq.com,142317931443,2020-11-15
317791,Jamaal,Hazeltine,jhazeltinev@de.vu,585039219211,2019-09-04
302012,Melosa,Bockler,mbocklerw@sina.com.cn,996977144612,2020-07-04
358200,Patrizius,Shirt,pshirtx@jigsy.com,563525654817,2021-08-16
855864,Towney,Brownscombe,tbrownscombey@blogs.com,657248753891,2020-12-20
569324,Greggory,Bottomore,gbottomorez@cornell.edu,913282843639,2022-02-15
486145,Karoline,Fillimore,kfillimore10@census.gov,982534611633,2021-06-06
825591,Giselbert,Rangeley,grangeley11@mapy.cz,253279666600,2019-12-28
242757,Pall,Greenrodd,pgreenrodd12@mashable.com,331826109249,2020-12-06
331639,Nealon,Chatelet,nchatelet13@craigslist.org,543983562883,2020-11-11
667240,Sybilla,Witham,switham14@usda.gov,900764965784,2019-12-01
350161,Saul,Railton,srailton15@lycos.com,140161754585,2019-03-23
895430,Claribel,Crann,ccrann16@hubpages.com,185883687203,2020-10-28
112870,Martie,Cuschieri,mcuschieri17@weather.com,501488918378,2020-08-02
943829,Row,Coombes,rcoombes18@toplist.cz,359102063003,2019-09-18
363624,Binky,Stoite,bstoite19@ed.gov,333327332244,2021-02-20
696044,Shanie,McCafferty,smccafferty1a@infoseek.co.jp,410213839411,2019-12-25
132129,Barth,Chattoe,bchattoe1b@cbsnews.com,342284244111,2020-10-13
173447,Selig,Mansfield,smansfield1c@4shared.com,881697244961,2021-09-23
485523,Wallis,Dorro,wdorro1d@hexun.com,753420700869,2019-07-10
898721,Daryn,Falk,dfalk1e@fema.gov,704047932124,2020-04-28
335524,Laurella,Asel,lasel1f@auda.org.au,439575877520,2019-03-14
925176,Jordanna,Gingold,jgingold1g@dailymail.co.uk,771747902856,2020-04-18
890622,Sisely,Falla,sfalla1h@washingtonpost.com,469874514718,2019-12-21
379357,Chandra,Sullly,csullly1i@va.gov,486062865400,2019-07-19
630348,Blondy,Phelip,bphelip1j@chron.com,476718994046,2021-06-12
138062,Ferdinanda,Gager,fgager1k@craigslist.org,817957329601,2021-11-30
520424,Mohammed,Baelde,mbaelde1l@nba.com,797050785812,2020-08-08
968780,Anthiathia,Haddrell,ahaddrell1m@nih.gov,904330456546,2019-08-28
972084,Frederick,Stains,fstains1n@gizmodo.com,624390349764,2019-10-27
565727,Zedekiah,Fadell,zfadell1o@i2i.jp,340869746084,2019-08-11
669905,Eddie,Cass,ecass1p@un.org,712479555977,2020-08-30
117695,Haley,Quayle,hquayle1q@irs.gov,231296291963,2019-02-10
875523,Rudolf,Scedall,rscedall1r@adobe.com,678294202678,2021-04-20
905390,Gonzales,O'Mullaney,gomullaney1s@delicious.com,244531501171,2020-01-01
901827,Eliza,Woodthorpe,ewoodthorpe1t@upenn.edu,135301600206,2020-09-05
161553,Odelia,Beaman,obeaman1u@unicef.org,705233826193,2019-11-13
452545,Terrance,Palister,tpalister1v@goo.ne.jp,652719286842,2019-11-27
731799,Temple,Amy,tamy1w@t.co,477266598459,2021-06-26
230087,Leslie,Uridge,luridge1x@drupal.org,214687588714,2019-02-19
758130,Pauly,Size,psize1y@privacy.gov.au,151977511590,2020-09-30
911310,Jo-anne,Giacovelli,jgiacovelli1z@reddit.com,666226912925,2022-01-17
372379,Alvina,Roder,aroder20@free.fr,201262245474,2019-06-04
489906,Odetta,Skipperbottom,oskipperbottom21@virginia.edu,458599347366,2020-08-24
715864,Bella,Squire,bsquire22@marriott.com,689909133092,2021-09-07
324410,Isaac,Scadding,iscadding23@csmonitor.com,955450424546,2019-11-30
146129,Trstram,Geerdts,tgeerdts24@ustream.tv,655184977317,2019-08-02
354228,Elfrieda,McFarlan,emcfarlan25@comcast.net,818669630779,2020-07-14
391731,Malina,Volke,mvolke26@cam.ac.uk,691996422676,2020-09-16
825538,Valida,Burren,vburren27@google.com.br,777143268340,2021-02-07
171041,Vivianne,Broggini,vbroggini28@dot.gov,724283216510,2020-07-26
392462,Lethia,Sager,lsager29@nasa.gov,640177605867,2021-06-03
794978,Nobie,Coventon,ncoventon2a@imdb.com,420013117224,2019-02-16
480593,Leo,Giamo,lgiamo2b@shutterfly.com,749632366922,2019-07-21
733870,Yorgos,Lipyeat,ylipyeat2c@cnn.com,716329697860,2019-11-11
727402,Rainer,Eva,reva2d@wikipedia.org,153307804350,2020-01-17
769734,Antoni,Joe,ajoe2e@edublogs.org,748103811518,2020-12-08
168932,Townsend,Meron,tmeron2f@paypal.com,187304762854,2020-03-17
426225,Zerk,Phebey,zphebey2g@about.com,813107200892,2020-01-17
121312,Mic,Huertas,mhuertas2h@jiathis.com,884257448437,2020-12-21
826255,Ariana,Balcombe,abalcombe2i@diigo.com,318863849752,2020-07-17
471787,Giustino,Housbie,ghousbie2j@ox.ac.uk,430255355630,2021-05-18
979417,Audra,Greenslade,agreenslade2k@drupal.org,463041342893,2022-01-25
395858,Moises,felip,mfelip2l@blinklist.com,453213984926,2020-09-20
297674,Jere,Bruno,jbruno2m@bluehost.com,817494084412,2022-01-16
617672,Lyssa,Gaskall,lgaskall2n@blogspot.com,224631787517,2021-01-05
156254,Karia,Palffy,kpalffy2o@disqus.com,669887816004,2020-07-30
709883,Robinette,MacIlhargy,rmacilhargy2p@geocities.com,834035049204,2021-02-26
227043,Gussi,Whatham,gwhatham2q@booking.com,136131559972,2020-12-29
234459,Valentine,Robertis,vrobertis2r@blinklist.com,657267027064,2020-05-18
675545,Christina,McTerlagh,cmcterlagh2s@simplemachines.org,219387351860,2020-03-04
176014,Tades,Ead,tead2t@nationalgeographic.com,327957086947,2021-04-27
323410,Elihu,Bowen,ebowen2u@wikipedia.org,378147547615,2019-03-24
197688,Carmella,Pepall,cpepall2v@ocn.ne.jp,204406489802,2021-03-06
594944,Cal,Rablen,crablen2w@homestead.com,553357187483,2019-07-10
243347,Angeline,Hepher,ahepher2x@bbb.org,815931436848,2020-06-02
489015,Corenda,Parvin,cparvin2y@sourceforge.net,420425644627,2019-06-15
851126,Jeni,Shakle,jshakle2z@eepurl.com,940204656566,2019-03-01
317183,Abby,Kloss,akloss30@wordpress.org,994499339894,2021-07-13
590035,Abraham,Santacrole,asantacrole31@goo.ne.jp,560560878799,2021-09-23
881782,Hunter,Berthelmot,hberthelmot32@wp.com,322486422471,2021-03-21
749690,Kristina,Beeble,kbeeble33@tiny.cc,624709485940,2021-09-19
728022,Barbara-anne,Tewkesbury.,btewkesbury34@diigo.com,261842883260,2021-12-21
310311,Mathe,Mashal,mmashal35@auda.org.au,713394604164,2020-01-06
485932,Roddie,Kondratenko,rkondratenko36@google.ca,970396292632,2021-06-23
291145,Gil,Stanistreet,gstanistreet37@shutterfly.com,697207618944,2021-05-16
537589,Theodora,Rozier,trozier38@yelp.com,923337769461,2020-12-18
706498,Walton,Lamerton,wlamerton39@squarespace.com,482731053360,2020-10-26
505317,Jock,Ossenna,jossenna3a@google.de,920036794431,2021-03-04
637443,Vanessa,Gidley,vgidley3b@macromedia.com,764906139700,2021-03-20
199823,Roda,Wilkenson,rwilkenson3c@miitbeian.gov.cn,544402090316,2019-10-23
159791,Virgie,McGloin,vmcgloin3d@bizjournals.com,958246843640,2020-04-27
359949,Clair,Ritmeyer,critmeyer3e@princeton.edu,346069903697,2019-05-01
503841,Gabriel,Anthes,ganthes3f@hao123.com,903943914156,2019-11-17
208731,Pepillo,MacShirrie,pmacshirrie3g@wsj.com,758512981608,2019-07-01
147429,Luciana,Klosa,lklosa3h@51.la,263191484431,2021-04-03
376885,Winfred,Falla,wfalla3i@epa.gov,707190192423,2020-04-20
905682,Ellary,Tuny,etuny3j@scientificamerican.com,105716771604,2019-08-08
216211,Jacobo,Coldman,jcoldman3k@usgs.gov,241266861377,2021-04-07
726178,Dulsea,Newns,dnewns3l@chron.com,506712900842,2021-08-19
447916,Florinda,Obey,fobey3m@hatena.ne.jp,409142995517,2019-09-26
462180,Celestine,Featley,cfeatley3n@goo.gl,161451245058,2019-03-22
825568,Alameda,Hayhoe,ahayhoe3o@altervista.org,923421474770,2022-02-22
207020,Felipa,Wilshaw,fwilshaw3p@quantcast.com,857608419566,2020-03-13
375584,Sullivan,Fidgett,sfidgett3q@jalbum.net,297019816237,2019-06-02
845372,Mabelle,Poulney,mpoulney3r@friendfeed.com,397346413441,2019-03-01
596090,Lockwood,Grinnikov,lgrinnikov3s@cmu.edu,999203629511,2020-12-20
559328,Gabbey,Causton,gcauston3t@aboutads.info,854297535978,2019-12-30
888610,Freida,Biaggetti,fbiaggetti3u@wikispaces.com,557923291153,2021-01-15
970467,Marilyn,Kirwan,mkirwan3v@globo.com,508473632152,2020-10-13
828402,Erminia,Perell,eperell3w@java.com,159393332503,2020-12-18
600406,Dulce,Gadie,dgadie3x@cmu.edu,555269054698,2019-06-28
911926,Gib,Follit,gfollit3y@addtoany.com,604523770123,2019-01-03
581094,Natal,Siemianowicz,nsiemianowicz3z@archive.org,209165317003,2022-02-07
316338,Keary,Oliphard,koliphard40@latimes.com,703513530354,2019-12-29
871529,Elmer,Borton,eborton41@princeton.edu,144830064475,2019-04-08
730264,Tadd,Dugmore,tdugmore42@deliciousdays.com,681298779520,2021-10-14
350221,Darelle,Fysh,dfysh43@wp.com,994157207392,2020-11-23
715849,Allx,Stanbury,astanbury44@earthlink.net,395509281451,2019-05-05
250695,Derward,Venning,dvenning45@goo.ne.jp,962703682228,2019-09-13
332249,Blakelee,Sharrem,bsharrem46@businessweek.com,706647810979,2021-12-22
731863,Winona,Jonin,wjonin47@jugem.jp,363711479156,2019-07-20
470792,Catherine,Juza,cjuza48@yahoo.com,642584768557,2020-01-21
454170,Buddie,Pitway,bpitway49@netvibes.com,690662194936,2021-09-30
880118,Demetri,Flanigan,dflanigan4a@quantcast.com,143520784764,2021-06-09
516713,Edi,Marunchak,emarunchak4b@friendfeed.com,132559790867,2021-08-19
773817,Ruthy,Backen,rbacken4c@privacy.gov.au,583591361795,2020-07-22
180040,Richart,Vernham,rvernham4d@gov.uk,734836392471,2021-10-10
169499,Ashly,Jancar,ajancar4e@list-manage.com,300014826266,2021-02-17
366319,Arnoldo,Kenney,akenney4f@deliciousdays.com,554440388580,2019-03-06
188241,Joey,Kenelin,jkenelin4g@mozilla.org,813879555240,2019-06-30
483171,Arleen,Kiehnlt,akiehnlt4h@weather.com,480392865125,2020-04-06
428529,Lombard,MacConchie,lmacconchie4i@barnesandnoble.com,393075435301,2021-08-12
415629,Giacinta,Staten,gstaten4j@google.co.uk,209697075141,2020-05-26
426742,Carolin,Edgson,cedgson4k@apple.com,747596087999,2021-10-28
173601,Reginald,Swaby,rswaby4l@loc.gov,685709837584,2021-04-25
610893,Lanette,Andreini,landreini4m@rambler.ru,302126116084,2020-11-10
697789,Margalit,Busain,mbusain4n@wikipedia.org,132653298861,2019-06-29
493789,Carlita,Kaasman,ckaasman4o@baidu.com,786431852228,2019-11-18
192171,Elbert,Borth,eborth4p@who.int,568014891092,2019-04-26
807158,Weylin,Shopcott,wshopcott4q@boston.com,455462654039,2019-05-11
490665,Merna,Chatelain,mchatelain4r@prlog.org,122022266264,2021-07-10
372230,Cilka,Maypole,cmaypole4s@wp.com,807083735377,2021-10-28
731650,Odey,Keddey,okeddey4t@bizjournals.com,139598222004,2020-03-25
569303,Kent,Lauderdale,klauderdale4u@freewebs.com,514217495003,2019-02-26
864579,Hugh,Skoyles,hskoyles4v@nps.gov,495332803121,2021-01-05
312280,Catherina,Cuncarr,ccuncarr4w@list-manage.com,763247832413,2020-04-12
197343,Worth,Razzell,wrazzell4x@blogtalkradio.com,772378890897,2022-02-23
467869,Melly,Ivanichev,mivanichev4y@tinyurl.com,379710405774,2020-09-16
750967,Raven,Harbard,rharbard4z@gov.uk,901441892886,2021-12-09
687522,Doro,Cottom,dcottom50@wisc.edu,726777375117,2020-11-11
633880,Donnajean,Pavlenko,dpavlenko51@icq.com,881357381789,2019-11-09
704531,Dun,Cuseck,dcuseck52@diigo.com,374377299634,2020-03-03
920462,Cecil,Maclean,cmaclean53@example.com,363233683306,2020-06-22
504194,Isa,Hutchcraft,ihutchcraft54@dailymotion.com,867928434189,2020-05-17
161002,Brantley,Midgely,bmidgely55@skyrock.com,763808907413,2021-06-21
326018,Humfrey,Phelp,hphelp56@delicious.com,592507351959,2020-06-23
292258,Cosetta,Tuther,ctuther57@webnode.com,228071885836,2021-01-21
439174,Maisey,Spittall,mspittall58@meetup.com,850469758102,2020-11-29
531409,Bria,Bruno,bbruno59@wordpress.org,570343196364,2022-01-23
102489,Cheston,Smaleman,csmaleman5a@skyrock.com,746895527465,2020-04-19
173812,Jon,Braune,jbraune5b@discovery.com,464436218198,2021-01-05
406735,Mickey,Mulkerrins,mmulkerrins5c@multiply.com,717216393533,2019-05-08
694292,Jelene,Pointon,jpointon5d@live.com,935022341936,2020-02-07
815771,Clarie,Bazely,cbazely5e@howstuffworks.com,695340205228,2020-09-06
110258,Tiffanie,Baysting,tbaysting5f@mlb.com,137420672688,2019-01-07
688520,Lena,Aldrick,laldrick5g@hostgator.com,997705078005,2019-05-06
319586,Ronald,Otley,rotley5h@prnewswire.com,336424366964,2021-07-24
596194,Electra,Reeveley,ereeveley5i@flickr.com,270425450968,2021-08-23
943085,Arielle,Harfoot,aharfoot5j@bing.com,776968131337,2019-10-19
352671,Clerc,Gariff,cgariff5k@nhs.uk,669307547101,2020-10-14
972288,Heinrick,Sunley,hsunley5l@howstuffworks.com,780704925952,2021-10-15
141438,Ingram,Partleton,ipartleton5m@alibaba.com,414005040510,2021-02-16
837092,Tiffi,Clearley,tclearley5n@altervista.org,523058548368,2019-09-07
284959,Rafa,Whannel,rwhannel5o@vkontakte.ru,218826959903,2021-05-08
952130,Henrik,Rainsbury,hrainsbury5p@histats.com,344190003492,2020-07-27
642508,Efrem,Pacey,epacey5q@yolasite.com,597176604405,2022-01-26
359091,Ozzy,Fieldhouse,ofieldhouse5r@amazon.com,123607797017,2021-01-04
688336,Sheilakathryn,Burgoin,sburgoin5s@miibeian.gov.cn,359998810056,2019-03-30
641436,Justino,Mertgen,jmertgen5t@friendfeed.com,176987800884,2020-01-02
985611,Katine,Matevosian,kmatevosian5u@time.com,885874065953,2020-10-14
778087,Marsh,Le Barr,mlebarr5v@people.com.cn,821839922249,2021-04-11
731910,Lisbeth,Pluck,lpluck5w@microsoft.com,855937299567,2019-01-17
465533,Kenny,Pindred,kpindred5x@domainmarket.com,545503266761,2019-06-04
177715,Gayel,Tirte,gtirte5y@livejournal.com,829364962821,2019-08-28
335519,Imogene,Cullrford,icullrford5z@cargocollective.com,307160827909,2020-01-11
878188,Lorin,Huckleby,lhuckleby60@whitehouse.gov,736267822855,2019-03-18
486898,Kylynn,Poskitt,kposkitt61@jimdo.com,249037490268,2021-01-23
396368,Teador,Lapthorn,tlapthorn62@craigslist.org,304100076318,2021-07-10
711362,Janean,Muckersie,jmuckersie63@samsung.com,374813534522,2020-06-23
786255,Seline,Blankley,sblankley64@earthlink.net,222215135072,2019-11-25
564383,Crystal,Tue,ctue65@clickbank.net,800800086922,2022-01-10
238175,Greer,Vankeev,gvankeev66@hud.gov,146480082496,2020-03-28
206664,Kent,Bartolijn,kbartolijn67@mail.ru,675839081177,2019-06-24
830423,Theodosia,Heister,theister68@slate.com,835368743079,2019-12-27
346820,Jeanelle,Thies,jthies69@yolasite.com,166309334567,2021-05-12
391772,Silvester,Stickland,sstickland6a@mashable.com,482975418414,2021-06-08
319021,Wanids,Peirazzi,wpeirazzi6b@theguardian.com,340881719406,2020-11-25
840895,Abagail,Worlock,aworlock6c@howstuffworks.com,606724289717,2019-10-08
606881,Even,MacBey,emacbey6d@tumblr.com,240654673569,2022-02-09
587867,Bird,Lintot,blintot6e@amazon.co.jp,448055088278,2021-07-03
510915,Shell,Sizey,ssizey6f@devhub.com,883786847451,2019-11-25
188684,Christiano,Thorsby,cthorsby6g@foxnews.com,593253123299,2020-11-19
558755,Dinah,Bolzen,dbolzen6h@eventbrite.com,717158904545,2019-06-29
775060,Katrine,Fessby,kfessby6i@themeforest.net,780099467593,2021-08-11
901950,Myca,Syplus,msyplus6j@webs.com,923377377471,2020-07-06
821170,Doralin,Suddards,dsuddards6k@cbslocal.com,927448818325,2019-10-27
574926,Esdras,Aspital,easpital6l@upenn.edu,201136170952,2019-12-10
701967,Job,Sprake,jsprake6m@unicef.org,265697409245,2021-06-09
574346,Had,Farris,hfarris6n@moonfruit.com,632391826477,2019-09-08
814900,Keri,Scherer,kscherer6o@printfriendly.com,822249803321,2020-09-04
894109,Nananne,Cardenas,ncardenas6p@nasa.gov,869649559809,2019-06-20
870164,Hali,Derisley,hderisley6q@blogs.com,989856375598,2020-04-28
664005,Phedra,Friary,pfriary6r@arizona.edu,664262337310,2020-08-10
233117,Tabbie,Andrez,tandrez6s@symantec.com,448429859309,2022-01-25
233106,Avis,Seals,aseals6t@ca.gov,742910033381,2021-10-13
392588,Ingemar,Lisciardelli,ilisciardelli6u@hc360.com,322622607192,2021-05-08
180684,Lauren,Kemble,lkemble6v@economist.com,456327127736,2020-11-19
621697,Marice,Earngy,mearngy6w@multiply.com,898319588484,2021-10-04
813062,Chrysler,Rushforth,crushforth6x@weibo.com,448204257919,2019-01-24
794325,Arabele,Zorener,azorener6y@seattletimes.com,193034585222,2021-02-27
914828,Madlen,Paumier,mpaumier6z@jalbum.net,447446437611,2019-07-15
107294,Logan,Threadgould,lthreadgould70@soundcloud.com,307281973183,2021-02-21
732151,Gerardo,Cressey,gcressey71@seattletimes.com,885774666626,2021-12-30
353389,Magdalene,Ambrogioli,mambrogioli72@bravesites.com,852070204451,2019-09-28
702416,Crosby,Keyzman,ckeyzman73@hostgator.com,603810678411,2020-03-12
164946,Melitta,Cuddy,mcuddy74@mtv.com,190577304831,2019-06-14
172771,Dannie,Sage,dsage75@fc2.com,580824752858,2021-05-16
842601,Brigid,Minigo,bminigo76@soundcloud.com,569410425230,2020-02-23
604690,Claudianus,Rudkin,crudkin77@mapquest.com,758865967425,2019-09-18
598229,Giovanna,Aguirre,gaguirre78@senate.gov,928972831323,2020-11-29
695061,Joyous,Lampaert,jlampaert79@skyrock.com,214894812198,2019-02-17
372834,Kelly,Suthren,ksuthren7a@meetup.com,864280568703,2021-07-21
480482,Uri,Brownfield,ubrownfield7b@linkedin.com,173804229136,2021-03-28
191559,Quint,Wetherby,qwetherby7c@macromedia.com,324723309279,2021-04-15
919157,Rebecka,Quiddinton,rquiddinton7d@merriam-webster.com,514273744576,2020-08-18
188217,Timmi,Preble,tpreble7e@newsvine.com,608879157573,2019-10-11
973774,Talia,Braddock,tbraddock7f@google.com.au,811995552156,2019-10-20
323076,Shoshana,Cogdell,scogdell7g@weather.com,365893888684,2019-12-23
959667,Lezlie,Korneev,lkorneev7h@seesaa.net,242949603711,2021-01-08
585440,Beverlie,Sheldon,bsheldon7i@vistaprint.com,814917120359,2020-11-29
865408,Geri,Nelsen,gnelsen7j@istockphoto.com,739567347577,2019-03-03
768070,Corabella,Oliff,coliff7k@51.la,926332393512,2020-11-16
701020,Shurlocke,Swann,sswann7l@bandcamp.com,581162669897,2022-02-15
744366,George,Heineking,gheineking7m@opensource.org,827252392129,2019-08-24
424383,Lynn,Buzza,lbuzza7n@creativecommons.org,820196046016,2019-01-04
653317,Feliza,Itzakson,fitzakson7o@shinystat.com,213698033550,2021-06-11
554396,Dolley,Wren,dwren7p@merriam-webster.com,557278235839,2020-06-29
230090,Brandy,Kolodziejski,bkolodziejski7q@senate.gov,742800926961,2020-12-05
656846,Dido,Gouldthorp,dgouldthorp7r@netlog.com,777394716142,2021-03-09
113300,Gerladina,Offner,goffner7s@cbc.ca,100844103539,2020-03-12
680641,Renault,Ebhardt,rebhardt7t@stumbleupon.com,122106696523,2020-12-24
460348,Athene,Le Monnier,alemonnier7u@usgs.gov,599464747297,2020-04-05
537875,Ring,Kobiera,rkobiera7v@fda.gov,575254960147,2020-05-16
346527,Son,Suscens,ssuscens7w@photobucket.com,402873221164,2021-07-29
134810,Anna-diana,Shimony,ashimony7x@smh.com.au,959583627388,2021-06-15
151882,Sonja,Kuschek,skuschek7y@mapquest.com,794211657617,2019-11-15
860765,Brantley,Pleass,bpleass7z@mapquest.com,889018563670,2019-10-22
351507,Christoffer,Jeske,cjeske80@booking.com,190655402495,2021-01-29
354588,Rollo,Postill,rpostill81@sciencedaily.com,148565359054,2019-05-21
180765,Elana,Dabs,edabs82@mac.com,425543902472,2019-10-20
287096,Joly,Esel,jesel83@telegraph.co.uk,819039221619,2021-11-16
286092,Lura,Mazonowicz,lmazonowicz84@unblog.fr,767820392870,2020-06-20
608302,Stinky,Wrefford,swrefford85@mediafire.com,786336875044,2020-10-13
619734,Milena,Belli,mbelli86@imgur.com,318139634472,2020-12-28
919517,Ario,Kippins,akippins87@cam.ac.uk,270116735970,2021-11-26
535792,Brewster,Tarren,btarren88@answers.com,975304811611,2019-11-05
517968,Urbano,Bedding,ubedding89@rakuten.co.jp,683593521460,2019-07-24
932720,Aaron,Maith,amaith8a@tmall.com,468986352715,2022-02-22
968220,Kit,Franca,kfranca8b@digg.com,982491789142,2020-12-21
923548,Cooper,Boniface,cboniface8c@blogger.com,708451396095,2020-05-10
555257,Prudi,Sheahan,psheahan8d@lulu.com,475879786091,2020-04-03
165542,Nolie,Lannon,nlannon8e@europa.eu,748204627433,2020-03-29
835224,Lauraine,Goodsall,lgoodsall8f@cnbc.com,221576791116,2021-06-11
107722,Gladys,Blenkinsop,gblenkinsop8g@dailymotion.com,770584630650,2020-05-18
817631,Kattie,Espy,kespy8h@hugedomains.com,416086204079,2019-02-26
889686,Sydel,Blatchford,sblatchford8i@1und1.de,648190036230,2021-04-03
791157,Gayel,Van Oord,gvanoord8j@networksolutions.com,820268725472,2021-02-05
609087,Tony,Lambswood,tlambswood8k@clickbank.net,313453651528,2021-03-30
961570,Liza,Byrom,lbyrom8l@com.com,222716461508,2020-10-08
233813,Bernice,Alderman,balderman8m@slideshare.net,661967478293,2020-03-24
558551,Ric,McNeilley,rmcneilley8n@hp.com,834435757716,2019-03-03
858359,Penni,Parkyns,pparkyns8o@hibu.com,961185043006,2022-01-02
588924,Edouard,Howen,ehowen8p@smugmug.com,731801913392,2021-12-07
456215,Corinne,Matsell,cmatsell8q@ning.com,893662569902,2021-12-01
483199,Crin,Hiers,chiers8r@canalblog.com,725632008136,2021-06-13
666162,Jess,MacAscaidh,jmacascaidh8s@guardian.co.uk,925109404237,2022-01-28
353627,Mariejeanne,Winson,mwinson8t@behance.net,710229512284,2021-01-26
647552,Ferne,Attwater,fattwater8u@altervista.org,549789786363,2020-01-15
349167,Katharyn,Spedding,kspedding8v@reference.com,756624613530,2022-02-24
837804,Gennifer,Pourveer,gpourveer8w@e-recht24.de,872342570875,2019-01-30
479713,Angelle,Burdass,aburdass8x@tripadvisor.com,697269111415,2019-01-30
681131,Eldon,McParlin,emcparlin8y@cnn.com,915824648587,2020-05-14
171419,Berkie,Paddick,bpaddick8z@paypal.com,421671116616,2021-01-10
274304,Massimiliano,Ollin,mollin90@state.tx.us,479270821550,2019-12-09
978073,Durant,Fawdrey,dfawdrey91@wisc.edu,772899351170,2021-08-24
249137,Davie,Gimeno,dgimeno92@deviantart.com,264003086798,2022-01-20
346333,Tim,Benam,tbenam93@infoseek.co.jp,983287622947,2020-01-08
531579,Kevyn,Poynor,kpoynor94@nymag.com,899757195363,2021-12-26
288522,Seline,Padden,spadden95@elpais.com,813246653083,2019-02-23
804386,Charlean,Roakes,croakes96@mysql.com,198353292157,2019-01-17
762790,Findley,Canfer,fcanfer97@fema.gov,201103423916,2021-12-15
457503,Griswold,Liepina,gliepina98@bigcartel.com,991404022717,2019-05-06
921635,Melisse,Stolberger,mstolberger99@zdnet.com,608439408561,2019-03-06
889735,Arliene,Hellicar,ahellicar9a@cargocollective.com,218989418599,2021-06-10
729062,Natasha,Eathorne,neathorne9b@ucoz.ru,511661170041,2019-12-12
763060,Whittaker,Tall,wtall9c@cam.ac.uk,200168401127,2020-05-13
281588,Angus,McCleary,amccleary9d@discovery.com,661349361140,2021-02-10
253741,Benyamin,Hewson,bhewson9e@bandcamp.com,500666245030,2020-01-13
716549,Joleen,Gatward,jgatward9f@loc.gov,624160019676,2021-05-12
572889,Roldan,Korejs,rkorejs9g@cyberchimps.com,395317251795,2022-01-25
964599,Bambie,Kummerlowe,bkummerlowe9h@arstechnica.com,494691724687,2019-07-22
497778,Kris,McMorran,kmcmorran9i@ox.ac.uk,844419224979,2022-01-10
484055,Aloin,Darth,adarth9j@canalblog.com,672581701424,2019-09-10
933382,Carie,Martignoni,cmartignoni9k@wix.com,392434317141,2021-05-21
227087,Edeline,Dower,edower9l@homestead.com,217323483780,2019-09-26
768746,Reeba,Hariot,rhariot9m@mysql.com,601371313135,2019-04-25
141333,Justino,Yarrington,jyarrington9n@seattletimes.com,352072112216,2019-12-08
793265,Ulrich,Shaplin,ushaplin9o@zdnet.com,451779723659,2019-10-07
524339,Debra,Oriel,doriel9p@spiegel.de,553732372963,2019-09-01
357866,Zacharia,Freckelton,zfreckelton9q@whitehouse.gov,264554057557,2021-01-13
551438,Stephanus,Ardern,sardern9r@phpbb.com,199113520227,2020-08-15
661812,Reg,Caverhill,rcaverhill9s@cam.ac.uk,816597465036,2019-09-19
988916,Charo,Hagard,chagard9t@woothemes.com,437609744583,2019-12-15
195601,Ansley,Rapport,arapport9u@sourceforge.net,849172242225,2020-04-30
644428,Sher,Tabord,stabord9v@discovery.com,609157393031,2020-02-07
275897,Annie,Learoyd,alearoyd9w@soup.io,437042458460,2020-11-01
302399,Rustin,Berthelet,rberthelet9x@wordpress.org,433482979578,2020-11-07
578350,Edie,Duggon,eduggon9y@live.com,875411972479,2019-04-16
363360,Silvano,Rossbrook,srossbrook9z@wikispaces.com,718658008004,2021-01-19
985365,Linette,Dorro,ldorroa0@sciencedirect.com,752287631700,2020-10-10
520496,D'arcy,Wooton,dwootona1@businesswire.com,622383629935,2020-12-10
260955,Linnell,Whitman,lwhitmana2@hp.com,815341427588,2021-07-12
889947,Kiri,Rushbury,krushburya3@intel.com,230005362518,2019-04-21
942317,Katy,Crippen,kcrippena4@tmall.com,634297350273,2020-11-05
696675,Homer,Barfitt,hbarfitta5@odnoklassniki.ru,623945178802,2020-10-31
108061,Robbin,Smitherham,rsmitherhama6@devhub.com,997379935713,2020-01-23
456369,Harlen,Bruce,hbrucea7@g.co,463717124215,2020-04-20
589090,Rosanna,Halshaw,rhalshawa8@indiatimes.com,433056052301,2019-02-20
967297,Catrina,Testro,ctestroa9@chron.com,567604091222,2020-09-05
468165,Derby,Auton,dautonaa@t-online.de,826321623607,2019-12-24
360681,Douglas,Willox,dwilloxab@wordpress.com,988139536021,2020-04-07
258758,Lombard,Manolov,lmanolovac@dailymotion.com,586383793992,2020-04-20
772285,Ernestine,Sparshutt,esparshuttad@yelp.com,925265449509,2020-07-27
173593,Estelle,Gorton,egortonae@nationalgeographic.com,817487691698,2022-01-07
386847,Jayne,Shearsby,jshearsbyaf@g.co,177839390788,2019-04-18
143123,Ax,Merlin,amerlinag@wp.com,114195886442,2019-03-13
555025,Shandie,Fullbrook,sfullbrookah@meetup.com,427598701979,2021-04-21
467729,Querida,O'Halligan,qohalliganai@issuu.com,533485454240,2020-07-19
391500,Aguie,Gresly,agreslyaj@mail.ru,348406020275,2019-04-13
818172,Jeramie,Rops,jropsak@feedburner.com,244807370456,2021-04-28
775064,Jehanna,Gloster,jglosteral@lulu.com,770771708752,2019-08-28
825694,Cami,Mustarde,cmustardeam@miibeian.gov.cn,612088447859,2019-12-04
866137,Stephen,Stennard,sstennardan@google.com.au,432207448892,2020-06-17
745078,Casie,Bellringer,cbellringerao@elpais.com,441347063601,2019-07-25
100744,Sarita,Creer,screerap@msn.com,714229437400,2022-01-20
718328,Susann,Silburn,ssilburnaq@ucla.edu,727702751280,2021-12-21
801079,Connie,Wapples,cwapplesar@msu.edu,713034552553,2020-12-05
595910,Edan,Tosney,etosneyas@live.com,265631947857,2021-03-06
571019,Adelaide,Hughman,ahughmanat@homestead.com,436881733503,2021-10-14
660795,Sigfried,Hise,shiseau@weibo.com,987266152641,2020-08-09
500396,Abram,Bridgewater,abridgewaterav@mysql.com,465398275294,2020-11-09
383845,Raff,Birtles,rbirtlesaw@yellowbook.com,810828724411,2019-03-26
466577,Webb,Walklott,wwalklottax@issuu.com,838264454899,2021-07-22
608589,Leroy,Gasparro,lgasparroay@typepad.com,196853525511,2019-08-19
597014,Charlotta,Thewys,cthewysaz@yellowbook.com,407648357559,2020-03-07
225238,Alphonse,Shenfisch,ashenfischb0@histats.com,655674888138,2019-07-01
920815,Corny,Cuningham,ccuninghamb1@wunderground.com,391399935265,2020-02-02
261137,Karita,Mewhirter,kmewhirterb2@shutterfly.com,124289355963,2021-11-26
891248,Jammie,Littleton,jlittletonb3@wunderground.com,660658384288,2020-03-11
